{
    "accuracy": 0.9344771961340104,
    "loss": 0.0655228038659896,
    "step": 18
}
