{
    "accuracy": 0.8737409013532662,
    "loss": 0.12625909864673374,
    "step": 18
}
