step	accuracy
0	0.31548882979449866
1	0.6163153935061346
2	0.766766428531797
3	0.8231169537038399
4	0.8573256738287691
5	0.8260403308740158
6	0.8684848622793394
7	0.8522630567226319
8	0.8329948126231655
9	0.8246053397953457
10	0.8192769266205463
11	0.8525427038201009
12	0.8556360266177552
13	0.8750465488829262
14	0.883352500104569
15	0.8488391963074351
16	0.891995230833331
17	0.8990017317371808
18	0.8737409013532662
