step	accuracy
0	0.3753546433887959
1	0.6356714062092564
2	0.7595587403416595
3	0.8566231391056851
4	0.8467147100241953
5	0.8697825797359419
6	0.8824199753771027
7	0.8527507012759467
8	0.8918446226683936
9	0.8910620743103987
10	0.8840804826442699
11	0.8593350346849402
12	0.8530962380908067
13	0.9231581587206764
14	0.860216384856154
15	0.8571597717895922
16	0.8671431935663743
17	0.9243035650681974
18	0.9344771961340104
