step	loss
0	0.6845111702055013
1	0.3836846064938654
2	0.233233571468203
3	0.1768830462961602
4	0.14267432617123088
5	0.1739596691259841
6	0.1315151377206606
7	0.14773694327736808
8	0.16700518737683442
9	0.17539466020465438
10	0.18072307337945373
11	0.14745729617989906
12	0.1443639733822448
13	0.12495345111707377
14	0.11664749989543098
15	0.1511608036925649
16	0.10800476916666901
17	0.10099826826281921
18	0.12625909864673374
